{"pre": {"exact_match": 55.572485851110144, "f1": 68.04141328675108, "bleu": 0.4374863594851435, "precisions": [0.5342765971116711, 0.4664809844533347, 0.42217738497826024, 0.38330349397367985], "brevity_penalty": 0.9762365346486739, "length_ratio": 0.976514464970373, "translation_length": 140081, "reference_length": 143450}, "post": {"exact_match": 57.47109756687467, "f1": 70.44519679164536, "bleu": 0.45504643413284496, "precisions": [0.5477570564516129, 0.47779354101397015, 0.4303886734112669, 0.38712811171827566], "brevity_penalty": 0.9957945978601909, "length_ratio": 0.9958034158243291, "translation_length": 142848, "reference_length": 143450}, "best model": "trial_run_local/checkpoint-22000"}