{"_wandb":{"runtime":5704},"train/epoch":0.4836759371221282,"train/grad_norm":1.5316280126571655,"_runtime":4951.5795473,"train/global_step":2000,"train/learning_rate":1.6775493752519147e-05,"_timestamp":1.7307420221916118e+09,"_step":3,"train/loss":1.1007}