{
    "2024-12-08_22-18-27": {
        "exact_match": 46.94263139814497,
        "f1": 58.37835290231852,
        "bleu": 0.29383304672712657
    }
}