{"eval/runtime":338.8655,"train_runtime":20663.6652,"train/epoch":5,"total_flos":1.4478316004178432e+17,"train_samples_per_second":71.009,"_timestamp":1.7336808562650192e+09,"train_loss":1.3234444127039156,"train/loss":1.2568,"eval/steps_per_second":3.391,"eval/loss":1.1959073543548584,"_step":56,"train/global_step":22930,"_runtime":20664.413503392,"train_steps_per_second":1.11,"train/learning_rate":3.7505451373746185e-07,"_wandb":{"runtime":20664},"eval/samples_per_second":216.853,"train/grad_norm":4.279417514801025}